{"train/loss": 0.0, "train/learning_rate": 2e-05, "train/epoch": 0.02, "train/global_step": 70, "_timestamp": 1715602327.6814625, "_runtime": 128.84064364433289, "_step": 7}