{"train/loss": 0.0, "train/learning_rate": 2e-05, "train/epoch": 0.01, "train/global_step": 40, "_timestamp": 1715643974.264969, "_runtime": 56.36610722541809, "_step": 4}