{"train/loss": 0.0, "train/learning_rate": 0.0, "train/epoch": 0.01, "train/global_step": 30, "_timestamp": 1715690048.29821, "_runtime": 62.96468186378479, "_step": 3}