{"train/loss": 0.0, "train/learning_rate": 1e-06, "train/epoch": 0.01, "train/global_step": 30, "_timestamp": 1715600751.2348669, "_runtime": 66.03851675987244, "_step": 3}