{"train/loss": 0.0, "train/learning_rate": 0.0, "train/epoch": 0.02, "train/global_step": 70, "_timestamp": 1715689650.4290335, "_runtime": 159.23880863189697, "_step": 7}