{"train/loss": 0.0677, "train/learning_rate": 1.9733333333333336e-05, "train/epoch": 1.44, "train/global_step": 360, "_timestamp": 1715601879.990045, "_runtime": 720.2364161014557, "_step": 35}