{"train/loss": 0.0, "train/learning_rate": 2e-05, "train/epoch": 0.01, "train/global_step": 40, "_timestamp": 1715644626.8640957, "_runtime": 51.96294569969177, "_step": 4}