{"train/loss": 0.0, "train/learning_rate": 1.9973333333333334e-05, "train/epoch": 0.24, "train/global_step": 60, "_timestamp": 1715601047.0245798, "_runtime": 118.4591817855835, "_step": 5}