{"train/loss": 0.0, "train/learning_rate": 0.0, "train/epoch": 0.02, "train/global_step": 50, "_timestamp": 1715689904.4114234, "_runtime": 107.31167340278625, "_step": 5}