{"train/loss": 0.0, "train/learning_rate": 1e-06, "train/epoch": 0.02, "train/global_step": 50, "_timestamp": 1715602107.3814309, "_runtime": 90.93639588356018, "_step": 5}