{"train/loss": 0.1046, "train/learning_rate": 1.9893333333333335e-05, "train/epoch": 0.68, "train/global_step": 170, "_timestamp": 1715602936.574984, "_runtime": 376.4489951133728, "_step": 16}